Email,Name,Company
ada.lovelace@example.test,Ada Lovelace,Analytical Engines Ltd
grace.hopper@example.test,Grace Hopper,Compiler Works
alan.turing@example.test,Alan Turing,Bletchley Logic
katherine.johnson@example.test,Katherine Johnson,Orbital Paths Inc
margaret.hamilton@example.test,Margaret Hamilton,Apollo Software
linus.torvalds@example.test,Linus Torvalds,Kernel Cooperative
barbara.liskov@example.test,Barbara Liskov,Substitution Labs
edsger.dijkstra@example.test,Edsger Dijkstra,Shortest Path BV
donald.knuth@example.test,Donald Knuth,Literate Programs
radia.perlman@example.test,Radia Perlman,Spanning Networks
